CREATE TABLE country (
    id INTEGER PRIMARY KEY,
    title VARCHAR(100) NOT NULL
);
INSERT INTO country VALUES (1, "Czech Republic"),(2, "England"), (3, "France"), (4, "Germany"), (5, "Italy"), (6, "Korea"),
 (7, "Russia"), (8, "Sweden"), (9, "Japan"), (10, "USA");

CREATE TABLE brand (
    id INTEGER PRIMARY KEY,
    title VARCHAR(20) NOT NULL,
    country_id INTEGER NOT NULL,
    CONSTRAINT fk__brand__country FOREIGN KEY (country_id)
        REFERENCES country (id)
        MATCH SIMPLE
        ON DELETE RESTRICT
);
INSERT INTO brand VALUES (1, "Audi", 4), (2, "Bentley", 2), (3, "BMW", 4), (4, "Chevrolet", 10), (5, "Citroen", 3), (6, "Ferrari", 5),
 (7, "Hyundai", 6), (8, "Jaguar", 2), (9, "Kia", 6), (10, "Koenigsegg", 8), (11, "Lada", 7), (12, "Lamborghini ", 5), (13, "Mercedes", 4),
 (14, "Renault", 3), (15, "Skoda", 1), (16, "Toyota", 9), (17, "Volkswagen", 4), (18, "Volvo", 8);

CREATE TABLE segment (
    id INTEGER PRIMARY KEY,
    title VARCHAR(20) NOT NULL
);

INSERT INTO segment VALUES (1, "A-segment"), (2, "B-segment"), (3, "C-segment"), (4, "D-segment"), (5, "E-segment"), (6, "F-segment");

CREATE TABLE model (
    id INTEGER PRIMARY KEY,
    title VARCHAR(50) NOT NULL,
    brand_id INTEGER NOT NULL,
    segment_id INTEGER NOT NULL,
    CONSTRAINT fk__models__brand FOREIGN KEY (brand_id)
        REFERENCES brand (id)
        MATCH SIMPLE
        ON DELETE RESTRICT,
    CONSTRAINT fk__models__segment FOREIGN KEY (segment_id)
        REFERENCES segment (id)
        MATCH SIMPLE
        ON DELETE RESTRICT
);

INSERT INTO model VALUES
(1, "488", 6, 6),
(2, "3 series", 3, 4),
(3, "5 series", 3, 5),
(4, "7 Series", 3, 6),
(5, "A4", 1, 4),
(6, "A6", 1, 5),
(7, "Aventador", 12, 6),
(8, "C-Class", 13, 4),
(9, "C4", 5, 3),
(10, "Camry", 16, 4),
(11, "Ceed", 9, 3),
(12, "Continental GT", 2, 6),
(13, "Corolla", 16, 3),
(14, "E-Class", 13, 5),
(15, "Golf", 17, 3),
(16, "Granta", 11, 2),
(17, "Logan", 14, 2),
(18, "Octavia", 15, 3),
(19, "Passat", 17, 4),
(20, "Picanto", 9, 1),
(21, "Polo", 17, 2),
(22, "Rapid", 15, 2),
(23, "Regera", 8, 6),
(24, "S-Class", 13, 6),
(25, "S60", 18, 4),
(26, "S8", 1, 6),
(27, "S90", 18, 5),
(28, "Solaris", 7, 2),
(29, "Sonata", 7, 4),
(30, "Spark", 4, 1),
(31, "Superb", 15, 4),
(32, "Vesta", 11, 2),
(33, "XE", 8, 4),
(34, "XF", 8, 5),
(35, "XJ", 8, 6);

CREATE TABLE generation (
    id INTEGER PRIMARY KEY,
    title VARCHAR(50) NOT NULL,
    model_id INTEGER NOT NULL,
    years VARCHAR(20) NOT NULL,
    length integer NOT NULL,
    width integer NOT NULL,
    height integer NOT NULL,
    CONSTRAINT fk__generation__model FOREIGN KEY (model_id)
        REFERENCES model (id)
        MATCH SIMPLE
        ON DELETE RESTRICT
);

INSERT INTO generation VALUES
(1, "III generation", 20, "2017-present", 3595, 1595, 1495),
(2, "II generation", 20, "2011-2017", 3595, 1595, 1480),
(3, "I generation", 20, "2004-2011", 3535, 1595, 1480),
(4, "II generation", 30, "2010-present", 3640, 1597, 1522),
(5, "I generation", 30, "2003-2010", 3495, 1495, 1500),
(6, "I generation", 16, "2011-present", 4260, 1700, 1500),
(7, "II generation", 17, "2013-present", 4346, 1733, 1517),
(8, "I generation", 17, "2004-2015", 4288, 1740, 1534),
(9, "Mk6", 21, "2020-present", 4469, 1706, 1471),
(10, "Mk5", 21, "2009-2020", 4390, 1699, 1467),
(11, "Mk4", 21, "2001-2009", 3916, 1650, 1467),
(12, "II generation", 22, "2019-present", 4485, 1706, 1475),
(13, "I generation", 22, "2012-2020", 4483, 1706, 1474),
(14, "II generation", 28, "2017-present", 4405, 1729, 1469),
(15, "I generation", 28, "2010-2017", 4375, 1700, 1470),
(16, "I generation", 32, "2015-present", 4420, 1774, 1478),
(17, "II generation", 9, "2011-present", 4644, 1789, 1518),
(18, "I generation", 9, "2004-2011", 4275, 1773, 1456),
(19, "III generation", 11, "2018-present", 4310, 1800, 1447),
(20, "II generation", 11, "2012-2018", 4310, 1780, 1470),
(21, "I generation", 11, "2007-2012", 4260, 1790, 1480),
(22, "XII generation", 13, "2018-present", 4630, 1780, 1435),
(23, "XI generation", 13, "2013-2019", 4620, 1775, 1465),
(24, "X generation", 13, "2006-2013", 4540, 1760, 1470),
(25, "IX generation", 13, "2002-2007", 4410, 1710, 1470),
(26, "VIII generation", 13, "1995-2002", 4300, 1690, 1380),
(27, "Mk8", 15, "2019-present", 4284, 1789, 1491),
(28, "Mk7", 15, "2012-2019", 4255, 1799, 1452),
(29, "Mk6", 15, "2009-2012", 4199, 1786, 1479),
(30, "Mk5", 15, "2003-2009", 4204, 1759, 1513),
(31, "Mk4", 15, "1997-2006", 4150, 1735, 1440),
(32, "Mk4", 18, "2019-present", 4689, 1829, 1486),
(33, "Mk3", 18, "2013-2019", 4670, 1814, 1476),
(34, "Mk2", 18, "2004-2013", 4569, 1769, 1462),
(35, "Mk1", 18, "2000-2004", 4510, 1731, 1430),
(36, "G20", 2, "2018-present", 4713, 1827, 1440),
(37, "F30", 2, "2011-2018", 4633, 1811, 1434),
(38, "E90", 2, "2005-2013", 4612, 1782, 1375),
(39, "E46", 2, "1998-2007", 4471, 1739, 1434),
(40, "E36", 2, "1990-2000", 4433, 1698, 1393),
(41, "B9", 5, "2015-present", 4762, 1847, 1428),
(42, "B8", 5, "2007-2015", 4701, 1826, 1427),
(43, "B7", 5, "2004-2009", 4586, 1772, 1427),
(44, "B6", 5, "2001-2005", 4547, 1766, 1428),
(45, "B5", 5, "1995-2001", 4480, 1733, 1415),
(46, "W205", 8, "2013-present", 4686, 1810, 1442),
(47, "W204", 8, "2007-2015", 4591, 1770, 1447),
(48, "W203", 8, "2000-2007", 4526, 1728, 1432),
(49, "W202", 8, "1993-2000", 4488, 1720, 1425),
(50, "XV70", 10, "2017-present", 4885, 1840, 1455),
(51, "XV50", 10, "2011-2017", 4850, 1825, 1480),
(52, "XV40", 10, "2006-2011", 4815, 1820, 1480),
(53, "XV30", 10, "2001-2006", 4815, 1795, 1500),
(54, "XV20", 10, "1996-2002", 4765, 1786, 1430),
(55, "B8", 19, "2014-present", 4767, 1832, 1456),
(56, "B7", 19, "2010-2015", 4769, 1820, 1470),
(57, "B6", 19, "2005-2010", 4765, 1820, 1472),
(58, "B5", 19, "1996-2005", 4703, 1746, 1462),
(59, "B5", 19, "1993-1997", 4600, 1720, 1430),
(60, "III generation", 25, "2018-present", 4761, 1850, 1431),
(61, "II generation", 25, "2010-2019", 4635, 1865, 1484),
(62, "I generation", 25, "2000-2010", 4603, 1804, 1428),
(63, "DN8", 29, "2019-present", 4900, 1860, 1465),
(64, "LF", 29, "2014-2019", 4855, 1865, 1475),
(65, "YF", 29, "2009-2013", 4820, 1835, 1470),
(66, "EF", 29, "1998-2004", 4747, 1820, 1422),
(67, "B8", 31, "2015-present", 4869, 1864, 1484),
(68, "B6", 31, "2008-2015", 4838, 1817, 1462),
(69, "B5", 31, "2002-2008", 4803, 1765, 1469),
(70, "I generation", 33, "2018-present", 4672, 1850, 1416),
(71, "I generation", 1, "2015-2020", 4568, 1952, 1213),
(72, "G11", 4, "2015-present", 5260, 1902, 1479),
(73, "F01", 4, "2008-2015", 5219, 1902, 1481),
(74, "E65", 4, "2001-2008", 5207, 1902, 1484),
(75, "E38", 4, "1994-2001", 5124, 1862, 1425),
(76, "I generation", 7, "2016-present", 4797, 2030, 1136),
(77, "III generation", 12, "2017-present", 4850, 1954, 1405),
(78, "II generation", 12, "2010-2015", 4807, 1947, 1401),
(79, "I generation", 12, "2003-2011", 4804, 1965, 1390),
(80, "I generation", 23, "2016-present", 4560, 2050, 1110),
(81, "W223", 24, "2020-present", 5289, 1954, 1503),
(82, "W222", 24, "2013-2020", 5295, 1905, 1496),
(83, "C217", 24, "2014-2020", 5032, 1899, 1414),
(84, "W221", 24, "2005-2013", 5226, 1871, 1485),
(85, "W220", 24, "1998-2005", 5040, 1855, 1444),
(86, "W140", 24, "1991-1998", 5215, 1886, 1485),
(87, "D5", 26, "2019-present", 5179, 1945, 1474),
(88, "D4", 26, "2012-2018", 5147, 1949, 1458),
(89, "D3", 26, "2005-2010", 5062, 1894, 1444),
(90, "D2", 26, "1996-2002", 5034, 1880, 1418),
(91, "V generation", 35, "2009-present", 5255, 1899, 1460),
(92, "G30", 3, "2016-present", 4963, 1868, 1479),
(93, "F10", 3, "2010-2016", 4907, 1860, 1464),
(94, "E60", 3, "2003-2010", 4841, 1846, 1468),
(95, "E39", 3, "1995-2004", 4775, 1800, 1435),
(96, "E34", 3, "1988-1996", 4720, 1750, 1412),
(97, "C8", 6, "2018-present", 4939, 1886, 1457),
(98, "C7", 6, "2010-2018", 4933, 1874, 1455),
(99, "C6", 6, "2004-2011", 4927, 1855, 1459),
(100, "C5", 6, "1997-2004", 4796, 1810, 1452),
(101, "C4", 6, "1994-1997", 4797, 1783, 1430),
(102, "W213", 14, "2016-present", 4935, 1852, 1460),
(103, "W212", 14, "2009-2016", 4879, 1854, 1474),
(104, "W211", 14, "2002-2009", 4856, 1822, 1483),
(105, "W210", 14, "1995-2002", 4818, 1799, 1443),
(106, "W124", 14, "1985-1996", 4740, 1740, 1430),
(107, "I generation", 27, "2017-present", 4963, 1879, 1443),
(108, "II generation", 34, "2015-present", 4954, 1880, 1457),
(109, "I generation", 34, "2007-2015", 4961, 1920, 1460),
(110, "IV generation", 35, "2003-2009", 5090, 2108, 1448);

CREATE TABLE modification (
    id INTEGER PRIMARY KEY,
    title VARCHAR(50) NOT NULL,
    generation_id INTEGER NOT NULL,
    fuel_type ENUM('Diesel', 'Gasoline', 'Hybrid') NOT NULL,
    engine_type ENUM('L4', 'L5', 'L6', 'V6', 'V8','V10', 'V12', 'W8', 'W12') NOT NULL,
    engine_displacement integer NOT NULL,
    gearbox_type ENUM ('Auto', 'CVT', 'Manual', 'Robotic')  NOT NULL,
    wheeldrive_type ENUM ('AWD', 'FWD', 'RWD') NOT NULL,
    body_style VARCHAR(255) NOT NULL,
    acceleration FLOAT NOT NULL,
    hp INTEGER NOT NULL,
    max_speed INTEGER NOT NULL,
    CONSTRAINT fk__modification__generation FOREIGN KEY (generation_id)
        REFERENCES generation (id)
        MATCH SIMPLE
        ON DELETE RESTRICT
);

INSERT INTO modification VALUES
(1, "1.2 GT Line", 1, "Gasoline", "L4", 1248, "Auto", "FWD", "Hatchback", 13.7, 84, 161),
(2, "1.2 Comfort", 2, "Gasoline", "L4", 1248, "Auto", "FWD", "Hatchback", 13.7, 85, 163),
(3, "1.1 Luxe", 3, "Gasoline", "L4", 1086, "Auto", "FWD", "Hatchback", 17.7, 65, 146),
(4, "1.2 LT", 4, "Gasoline", "L4", 1249, "Auto", "FWD", "Hatchback", 12.4, 85, 161),
(5, "1.0 SX", 5, "Gasoline", "L4", 995, "Manual", "FWD", "Hatchback", 14.1, 66, 156),
(6, "Sport", 6, "Gasoline", "L4", 1597, "Manual", "FWD", "Sedan,  Hatchback,  Wagon", 9.5, 120, 197),
(7, "1.6", 7, "Gasoline", "L4", 1598, "Auto", "FWD", "Sedan,  Hatchback", 11.7, 102, 171),
(8, "1.6", 8, "Gasoline", "L4", 1598, "Auto", "FWD", "Sedan,  Hatchback", 11.7, 103, 175),
(9, "1.4 TSI", 9, "Gasoline", "L4", 1395, "Robotic", "FWD", "Hathback", 9.2, 125, 204),
(10, "1.4 TSI", 10, "Gasoline", "L4", 1395, "Robotic", "FWD", "Sedan,  Hatchback", 9, 125, 198),
(11, "1.6", 11, "Gasoline", "L4", 1598, "Auto", "FWD", "Hatchback", 11.3, 105, 187),
(12, "1.4 TSI", 12, "Gasoline", "L4", 1395, "Robotic", "FWD", "Hatchback", 9.2, 125, 204),
(13, "1.4 TSI", 13, "Gasoline", "L4", 1395, "Robotic", "FWD", "Hatchback", 9, 125, 208),
(14, "1.6", 14, "Gasoline", "L4", 1591, "Auto", "FWD", "Sedan,  Hatchback", 11.2, 123, 192),
(15, "1.6", 15, "Gasoline", "L4", 1591, "Auto", "FWD", "Sedan,  Hatchback", 11.2, 123, 185),
(16, "Sport", 16, "Gasoline", "L4", 1774, "Manual", "FWD", "Sedan,  Wagon", 9.6, 145, 193),
(17, "1.6 THP", 17, "Gasoline", "L4", 1598, "Auto", "FWD", "Sedan", 8.1, 150, 207),
(18, "1.6 THP", 18, "Gasoline", "L4", 1598, "Auto", "FWD", "Hatchback", 9.7, 140, 202),
(19, "1.4 TGDi", 19, "Gasoline", "L4", 1353, "Auto", "FWD", "Hatchback,  Wagon", 9.2, 140, 205),
(20, "1.6 DCT", 20, "Gasoline", "L4", 1591, "Robotic", "FWD", "Hatchback,  Wagon", 10.8, 135, 195),
(21, "2", 21, "Gasoline", "L4", 1975, "Auto", "FWD", "Hatchback,  Wagon", 11.4, 143, 195),
(22, "1.6 CVT", 22, "Gasoline", "L4", 1598, "CVT", "FWD", "Sedan,  Wagon,  Hatchback", 10.8, 122, 185),
(23, "1.8 CVT", 23, "Gasoline", "L4", 1797, "CVT", "FWD", "Sedan,  Wagon,  Hatchback", 10.2, 140, 195),
(24, "1.6", 24, "Gasoline", "L4", 1598, "Auto", "FWD", "Sedan", 11.9, 124, 183),
(25, "2.0 D", 25, "Diesel", "L4", 1995, "Manual", "FWD", "Sedan,  Wagon,  Hatchback", 10.9, 116, 185),
(26, "1.8", 26, "Gasoline", "L4", 1794, "Manual", "FWD", "Sedan,  Wagon,  Hatchback", 12, 125, 180),
(27, "1.5 TSI", 27, "Gasoline", "L4", 1498, "Robotic", "FWD", "Hatchback", 8.5, 150, 224),
(28, "2.0 TDI 4Motion", 28, "Diesel", "L4", 1968, "Robotic", "AWD", "Hatchback", 6.6, 150, 211),
(29, "1.4 TSI", 29, "Gasoline", "L4", 1390, "Robotic", "FWD", "Hatchback", 9.5, 122, 200),
(30, "1.4. TSI GT", 30, "Gasoline", "L4", 1390, "Manual", "FWD", "Hatchback", 7.9, 170, 220),
(31, "2.8 4Motion", 31, "Gasoline", "V6", 2792, "Manual", "AWD", "Hatchback", 7.1, 204, 235),
(32, "1.4 TSI", 32, "Gasoline", "L4", 1395, "Auto", "FWD", "Hatchback,  Wagon", 9, 150, 223),
(33, "1.8 TSI 4x4", 33, "Gasoline", "L4", 1798, "Robotic", "AWD", "Hatchback,  Wagon", 7.4, 180, 229),
(34, "1.8 TSI", 34, "Gasoline", "L4", 1798, "Manual", "FWD", "Hatchback,  Wagon", 7.8, 160, 223),
(35, "1.8 T", 35, "Gasoline", "L4", 1781, "Manual", "AWD", "Hatchback,  Wagon", 9.1, 150, 211),
(36, "M340i xDrive", 36, "Gasoline", "L6", 2998, "Auto", "AWD", "Sedan,  Wagon", 4.4, 374, 250),
(37, "340i xDrive", 37, "Gasoline", "L6", 2998, "Auto", "AWD", "Sedan,  Wagon", 4.9, 326, 250),
(38, "335 xi", 38, "Gasoline", "L6", 2979, "Auto", "AWD", "Sedan,  Wagon,  Coupe,  Cabriolet", 5.4, 306, 250),
(39, "330 xi", 39, "Gasoline", "L6", 2979, "Auto", "AWD", "Sedan,  Wagon,  Coupe,  Cabriolet,  Hatchback", 7.4, 231, 242),
(40, "328i", 40, "Gasoline", "L6", 2793, "Auto", "RWD", "Sedan,  Wagon,  Coupe,  Cabriolet,  Hatchback", 7.8, 193, 232),
(41, "45 TFSI quattro", 41, "Gasoline", "L4", 1984, "Robotic", "AWD", "Sedan,  Wagon", 5.8, 245, 250),
(42, "3.0 TFSI quattro", 42, "Gasoline", "V6", 2995, "Robotic", "AWD", "Sedan,  Wagon", 5.4, 272, 250),
(43, "3.2 FSI quattro", 43, "Gasoline", "V6", 3123, "Auto", "AWD", "Sedan,  Wagon,  Cabriolet", 6.9, 256, 250),
(44, "3.0 quattro", 44, "Gasoline", "V6", 2976, "Auto", "AWD", "Sedan,  Wagon,  Cabriolet", 8.7, 220, 238),
(45, "2.8 quattro", 45, "Gasoline", "V6", 2771, "Auto", "AWD", "Sedan,  Wagon", 9.2, 193, 233),
(46, "93 AMG 4MATIC", 46, "Gasoline", "V6", 2996, "Auto", "AWD", "Sedan,  Wagon,  Coupe,  Cabriolet", 4.7, 390, 250),
(47, "C350 4MATIC", 47, "Gasoline", "V6", 3498, "Auto", "AWD", "Sedan,  Wagon,  Coupe", 6, 306, 250),
(48, "C350 4MATIC", 48, "Gasoline", "V6", 3498, "Auto", "AWD", "Sedan,  Wagon,  Coupe", 6.9, 272, 250),
(49, "C280", 49, "Gasoline", "V6", 2799, "Auto", "RWD", "Sedan,  Wagon", 8.5, 197, 228),
(50, "3.5", 50, "Gasoline", "V6", 3456, "Auto", "FWD", "Sedan", 7.7, 249, 220),
(51, "3.5", 51, "Gasoline", "V6", 3456, "Auto", "FWD", "Sedan", 7.1, 249, 210),
(52, "3.5", 52, "Gasoline", "V6", 3456, "Auto", "FWD", "Sedan", 6.8, 277, 230),
(53, "3", 53, "Gasoline", "V6", 2995, "Auto", "FWD", "Sedan", 9.1, 186, 225),
(54, "3", 54, "Gasoline", "V6", 2995, "Auto", "FWD", "Sedan,  Wagon", 8.6, 194, 220),
(55, "2.0 TDI 4Motion", 55, "Diesel", "L4", 1968, "Robotic", "AWD", "Sedan,  Wagon", 6.1, 240, 240),
(56, "2.0 TSI", 56, "Gasoline", "L4", 1984, "Robotic", "FWD", "Sedan,  Wagon", 7.6, 210, 236),
(57, "3.2 FSI 4Motion", 57, "Gasoline", "V6", 3168, "Auto", "AWD", "Sedan,  Wagon", 6.9, 250, 246),
(58, "4.0 4Motion", 58, "Gasoline", "W8", 3999, "Auto", "AWD", "Sedan,  Wagon", 7.8, 275, 250),
(59, "2.8", 59, "Gasoline", "V6", 2792, "Auto", "FWD", "Sedan,  Wagon", 10.4, 174, 218),
(60, "2.0 T5", 60, "Gasoline", "L4", 1969, "Auto", "AWD", "Sedan", 6.4, 249, 240),
(61, "3.0 T6", 61, "Gasoline", "L6", 2953, "Auto", "AWD", "Sedan", 5.9, 304, 250),
(62, "2.5T", 62, "Gasoline", "L5", 2521, "Auto", "AWD", "Sedan", 7.7, 210, 220),
(63, "2.5", 63, "Gasoline", "L4", 2497, "Auto", "FWD", "Sedan", 9.2, 180, 210),
(64, "2.5", 64, "Gasoline", "L4", 2359, "Auto", "FWD", "Sedan", 9, 188, 210),
(65, "2.4", 65, "Gasoline", "L4", 2359, "Auto", "FWD", "Sedan", 9.5, 178, 210),
(66, "2.7", 66, "Gasoline", "L4", 2656, "Auto", "FWD", "Sedan", 9.7, 172, 210),
(67, "2.0 TSI 4x4", 67, "Gasoline", "L4", 1984, "Robotic", "AWD", "Hatchback,  Wagon", 6, 280, 250),
(68, "3.6", 68, "Gasoline", "V6", 3597, "Robotic", "AWD", "Hatchback,  Wagon", 6.4, 260, 250),
(69, "2.8", 69, "Gasoline", "V6", 2771, "Auto", "FWD", "Sedan", 9.4, 193, 232),
(70, "3.0 S", 70, "Gasoline", "V6", 2995, "Auto", "RWD", "Sedan", 5, 380, 250),
(71, "3.9", 71, "Gasoline", "V8", 3902, "Robotic", "RWD", "Coupe,  Cabriolet", 3, 670, 330),
(72, "M760 Li xDrive", 72, "Gasoline", "V12", 6592, "Auto", "AWD", "Sedan", 3.8, 585, 250),
(73, "760Li", 73, "Gasoline", "V12", 5972, "Auto", "RWD", "Sedan", 4.6, 544, 250),
(74, "760Li", 74, "Gasoline", "V12", 5972, "Auto", "RWD", "Sedan", 5.6, 445, 250),
(75, "750Li", 75, "Gasoline", "V12", 5379, "Auto", "RWD", "Sedan", 6.6, 326, 250),
(76, "6.5", 76, "Gasoline", "V12", 6498, "Robotic", "AWD", "Coupe,  Cabriolet", 2.9, 740, 350),
(77, "6", 77, "Gasoline", "W12", 5950, "Auto", "AWD", "Coupe,  Cabriolet", 3.7, 635, 333),
(78, "6", 78, "Gasoline", "W12", 5998, "Auto", "AWD", "Coupe,  Cabriolet", 4.2, 590, 319),
(79, "6", 79, "Gasoline", "W12", 5998, "Auto", "AWD", "Coupe,  Cabriolet", 4.8, 560, 318),
(80, "5", 80, "Hybrid", "V8", 4999, "Robotic", "RWD", "Cabriolet", 2.8, 1521, 403),
(81, "S500 4MATIC L", 81, "Gasoline", "L6", 2999, "Auto", "AWD", "Sedan", 4.9, 435, 250),
(82, "S65 AMG L", 82, "Gasoline", "V12", 5980, "Auto", "RWD", "Sedan", 4.3, 630, 250),
(83, "S560 4MATIC", 83, "Gasoline", "V8", 3982, "Auto", "AWD", "Coupe,  Cabriolet", 4.6, 469, 250),
(84, "250 L", 84, "Gasoline", "V12", 5513, "Auto", "RWD", "Sedan", 4.6, 517, 250),
(85, "250 L", 85, "Gasoline", "V12", 5513, "Auto", "RWD", "Sedan", 4.8, 500, 250),
(86, "250 L", 86, "Gasoline", "V12", 5987, "Auto", "RWD", "Sedan", 6.6, 394, 250),
(87, "4.0 TFSI quattro", 87, "Gasoline", "V8", 3996, "Auto", "AWD", "Sedan", 3.8, 571, 250),
(88, "4.0 TFSI quattro plus", 88, "Gasoline", "V8", 3993, "Auto", "AWD", "Sedan", 3.8, 605, 305),
(89, "5.2 FSI quattro", 89, "Gasoline", "V10", 5204, "Auto", "AWD", "Sedan", 5.1, 450, 250),
(90, "4.2 quattro", 90, "Gasoline", "V8", 4172, "Manual", "AWD", "Sedan", 5.4, 360, 250),
(91, "5.0 S", 91, "Gasoline", "V8", 5000, "Auto", "AWD", "Sedan", 4.9, 510, 250),
(92, "520i", 92, "Gasoline", "L4", 1998, "Auto", "RWD", "Sedan,  Wagon", 7.9, 184, 235),
(93, "520d", 92, "Diesel", "L4", 1995, "Auto", "RWD", "Sedan,  Wagon", 7.5, 190, 235),
(94, "520d xDrive", 92, "Diesel", "L4", 1995, "Auto", "AWD", "Sedan,  Wagon", 7.6, 190, 235),
(95, "530i xDrive", 92, "Gasoline", "L4", 1998, "Auto", "AWD", "Sedan,  Wagon", 6.3, 249, 250),
(96, "530d xDrive", 92, "Diesel", "L6", 2993, "Auto", "AWD", "Sedan,  Wagon", 5.4, 249, 250),
(97, "540i xDrive", 92, "Gasoline", "L6", 2993, "Auto", "AWD", "Sedan,  Wagon", 4.7, 340, 250),
(98, "M550i", 92, "Gasoline", "V8", 4395, "Auto", "AWD", "Sedan,  Wagon", 3.8, 530, 250),
(99, "M5", 92, "Gasoline", "V8", 4395, "Auto", "AWD", "Sedan", 3.3, 625, 250),
(100, "518d", 93, "Diesel", "L4", 1995, "Manual", "RWD", "Sedan,  Wagon,  Fastback", 9.7, 143, 214),
(101, "520d xDrive", 93, "Diesel", "L4", 1995, "Auto", "AWD", "Sedan,  Wagon,  Fastback", 8.1, 184, 228),
(102, "535i xDrive", 93, "Gasoline", "L6", 2979, "Auto", "AWD", "Sedan,  Wagon,  Fastback", 5.6, 306, 250),
(103, "550i xDrive", 93, "Gasoline", "V8", 4395, "Auto", "AWD", "Sedan,  Wagon,  Fastback", 4.4, 450, 250),
(104, "M550d", 93, "Diesel", "L6", 2993, "Auto", "AWD", "Sedan,  Wagon,  Fastback", 4.7, 381, 250),
(105, "M5", 93, "Gasoline", "V8", 4395, "Auto", "RWD", "Sedan", 4.3, 560, 250),
(106, "520d", 94, "Diesel", "L4", 1995, "Manual", "RWD", "Sedan,  Wagon", 8.3, 177, 228),
(107, "530d", 94, "Diesel", "L4", 2993, "Manual", "AWD", "Sedan,  Wagon", 6.6, 231, 242),
(108, "545i", 94, "Gasoline", "V8", 4398, "Auto", "AWD", "Sedan,  Wagon", 5.8, 333, 250),
(109, "550i", 94, "Gasoline", "V8", 4799, "Auto", "AWD", "Sedan,  Wagon", 5.2, 367, 250),
(110, "M5", 94, "Gasoline", "V10", 4999, "Auto", "RWD", "Sedan,  Wagon", 4.7, 507, 250),
(111, "520d", 95, "Diesel", "L4", 1951, "Manual", "RWD", "Sedan,  Wagon", 11, 136, 206),
(112, "525d", 95, "Diesel", "L6", 2497, "Auto", "AWD", "Sedan,  Wagon", 9.1, 163, 219),
(113, "530i", 95, "Gasoline", "L6", 2979, "Manual", "AWD", "Sedan,  Wagon", 7.6, 231, 244),
(114, "540i", 95, "Gasoline", "V8", 4398, "Auto", "AWD", "Sedan,  Wagon", 6.4, 286, 250),
(115, "M5", 95, "Gasoline", "V8", 4941, "Auto", "RWD", "Sedan", 5.3, 400, 250),
(116, "530i", 96, "Gasoline", "L6", 2986, "Auto", "RWD", "Sedan,  Wagon", 8.5, 188, 227),
(117, "540i", 96, "Gasoline", "V8", 3982, "Auto", "RWD", "Sedan,  Wagon", 6.8, 286, 240),
(118, "M5", 96, "Gasoline", "L6", 3795, "Manual", "RWD", "Sedan,  Wagon", 5.9, 340, 250),
(119, "40TFSI", 97, "Gasoline", "L4", 1984, "Robotic", "FWD", "Sedan,  Wagon", 7.9, 190, 237),
(120, "40TDI", 97, "Diesel", "L4", 1984, "Robotic", "FWD", "Sedan,  Wagon", 8.4, 190, 237),
(121, "45TFSI quattro", 97, "Gasoline", "L4", 1984, "Robotic", "AWD", "Sedan,  Wagon", 6, 245, 250),
(122, "45TDI quattro", 97, "Diesel", "V6", 2967, "Robotic", "AWD", "Sedan,  Wagon", 6.1, 249, 250),
(123, "55TFSI", 97, "Gasoline", "V6", 2995, "Robotic", "AWD", "Sedan,  Wagon", 5.1, 340, 250),
(124, "RS6", 97, "Gasoline", "V8", 3996, "Robotic", "AWD", "Wagon", 3.6, 600, 250),
(125, "1.8 TFSI", 98, "Gasoline", "L4", 1798, "Manual", "FWD", "Sedan,  Wagon", 7.9, 190, 233),
(126, "2.0 TFSI", 98, "Gasoline", "L4", 1984, "Robotic", "FWD", "Sedan,  Wagon", 6.7, 252, 250),
(127, "3.0 TDI quattro", 98, "Diesel", "V6", 2967, "Robotic", "AWD", "Sedan,  Wagon", 5.5, 272, 250),
(128, "3.0 TFSI quattro", 98, "Gasoline", "V6", 2995, "Robotic", "AWD", "Sedan,  Wagon", 5.1, 333, 250),
(129, "RS6", 98, "Gasoline", "V6", 3993, "Robotic", "AWD", "Wagon", 3.7, 605, 250),
(130, "2.0 TFSI", 99, "Gasoline", "L4", 1984, "Manual", "FWD", "Sedan,  Wagon", 8.2, 170, 228),
(131, "3.0 TDI quattro", 99, "Diesel", "V6", 2967, "Manual", "AWD", "Sedan,  Wagon", 6.9, 233, 247),
(132, "3.0 TFSI quattro", 99, "Gasoline", "V6", 2995, "Auto", "AWD", "Sedan,  Wagon", 5.9, 290, 250),
(133, "4.2 FSI quattro", 99, "Gasoline", "V8", 4163, "Auto", "AWD", "Sedan,  Wagon", 5.9, 350, 250),
(134, "RS6", 99, "Gasoline", "V10", 4991, "Auto", "AWD", "Sedan,  Wagon", 4.5, 580, 250),
(135, "2.5 TDI CVT", 100, "Diesel", "V6", 2496, "CVT", "FWD", "Sedan,  Wagon", 9.3, 163, 217),
(136, "2.7 T quattro", 100, "Gasoline", "V6", 2671, "Manual", "AWD", "Sedan,  Wagon", 6.8, 250, 248),
(137, "4.2 quattro", 100, "Gasoline", "V8", 4172, "Auto", "AWD", "Sedan,  Wagon", 6.9, 300, 250),
(138, "RS6", 100, "Gasoline", "V8", 4172, "Auto", "AWD", "Sedan,  Wagon", 4.9, 450, 250),
(139, "1.8", 101, "Gasoline", "L4", 1781, "Auto", "FWD", "Sedan,  Wagon", 12.9, 125, 197),
(140, "2.5 TDI quattro", 101, "Diesel", "L5", 2461, "Manual", "AWD", "Sedan,  Wagon", 10, 140, 206),
(141, "2.8 quattro", 101, "Gasoline", "V6", 2771, "Auto", "AWD", "Sedan,  Wagon", 9.9, 193, 226),
(142, "E 220 d 4MATIC", 102, "Diesel", "L4", 1950, "Auto", "AWD", "Sedan,  Wagon,  Coupe,  Cabriolet", 7.5, 194, 239),
(143, "E 200", 102, "Gasoline", "L4", 1991, "Auto", "RWD", "Sedan,  Wagon,  Coupe,  Cabriolet", 7.5, 197, 240),
(144, "E 300 e 4MATIC", 102, "Hybrid", "L4", 1991, "Auto", "AWD", "Sedan,  Wagon,  Coupe,  Cabriolet", 5.8, 320, 245),
(145, "E 450 4MATIC", 102, "Gasoline", "L6", 2999, "Auto", "AWD", "Sedan,  Wagon,  Coupe,  Cabriolet", 5, 367, 250),
(146, "E 53", 102, "Gasoline", "L6", 2999, "Auto", "AWD", "Sedan,  Wagon,  Coupe,  Cabriolet", 4.5, 435, 250),
(147, "E 63 AMG S", 102, "Gasoline", "V8", 3982, "Auto", "AWD", "Sedan,  Wagon,  Coupe,  Cabriolet", 3.4, 612, 250),
(148, "E200", 103, "Gasoline", "L4", 1991, "Auto", "RWD", "Sedan,  Wagon,  Coupe,  Cabriolet", 7.9, 184, 233),
(149, "E300 4MATIC", 103, "Gasoline", "V6", 3498, "Auto", "AWD", "Sedan,  Wagon,  Coupe,  Cabriolet", 7.4, 250, 245),
(150, "E500 4MATIC", 103, "Gasoline", "V8", 4663, "Auto", "AWD", "Sedan,  Wagon,  Coupe,  Cabriolet", 5.2, 408, 250),
(151, "E 63 AMG S", 103, "Gasoline", "V8", 5461, "Auto", "AWD", "Sedan,  Wagon,  Coupe,  Cabriolet", 3.6, 585, 250),
(152, "E220K", 104, "Gasoline", "L4", 1796, "Manual", "RWD", "Sedan,  Wagon", 9.1, 184, 236),
(153, "E350 4MATIC", 104, "Gasoline", "V6", 3498, "Auto", "AWD", "Sedan,  Wagon", 7.1, 272, 250),
(154, "E500 4MATIC", 104, "Gasoline", "V8", 5461, "Auto", "AWD", "Sedan,  Wagon", 5.5, 388, 250),
(155, "E63 AMG", 104, "Gasoline", "V8", 6208, "Auto", "RWD", "Sedan,  Wagon", 4.5, 514, 250),
(156, "E200K", 105, "Gasoline", "L4", 1998, "Manual", "RWD", "Sedan,  Wagon", 8.9, 186, 231),
(157, "E320 4MATIC", 105, "Gasoline", "V6", 3199, "Auto", "AWD", "Sedan,  Wagon", 8, 224, 230),
(158, "E430 4MATIC", 105, "Gasoline", "V6", 4266, "Auto", "AWD", "Sedan,  Wagon", 6.8, 279, 250),
(159, "E320 4MATIC", 106, "Gasoline", "L6", 3199, "Manual", "AWD", "Sedan,  Wagon,  Coupe,  Cabriolet", 8.3, 220, 235),
(160, "E500", 106, "Gasoline", "V8", 4973, "Auto", "RWD", "Sedan,  Wagon,  Coupe,  Cabriolet", 5.9, 326, 250),
(161, "D5 AWD", 107, "Diesel", "L4", 1969, "Auto", "AWD", "Sedan,  Wagon", 7, 235, 180),
(162, "3.0 S", 108, "Gasoline", "V6", 2995, "Auto", "AWD", "Sedan", 5.3, 380, 250),
(163, "5", 109, "Gasoline", "V8", 5000, "Auto", "AWD", "Sedan", 5.7, 385, 250),
(164, "4.2", 110, "Gasoline", "V8", 4196, "Auto", "AWD", "Sedan", 5.3, 400, 250);

